id,username,email,firstname,lastname,gender,phone,country,dob,region,city,address,zip,latitude,longitude,mapplace,createdat
66,s@ab111.com,s@ab111.com,abhishek,gupta,m,,IN,"1988-05-23 10:00:00","eew,rwer,dfsdf",,"sec-33, Gurgaon",,,,,"2014-11-25 23:59:58"
67,s@c.com,s@c.com,abhishek,gupta,m,,IN,"1988-05-23 00:00:00",,,,,,,,"2014-11-25 07:12:15"
68,s@cc.com,s@cc.com,abhishek,gupta,m,,IN,"1988-05-23 00:00:00",,,,,,,,"2014-11-25 00:20:48"
69,ssss@ssss1111.com,ssss@ssss1111.com,abhishek,gupta,m,,IN,"1988-05-23 00:00:00",dasdad,,asASas,,,,,"2014-11-25 19:04:08"
70,ssss@ssss11121.com,ssss@ssss11121.com,abhishek,gupta,m,,IN,"1988-05-23 00:00:00",,,,,,,,"2014-11-25 19:07:24"
71,ssss@ssss111212.com,ssss@ssss111212.com,abhishek,gupta,m,,IN,"1988-05-23 00:00:00",,,,,,,,"2014-11-25 19:13:47"
72,ssss@ssss1112212.com,ssss@ssss1112212.com,abhishek,gupta,m,,IN,"1988-05-23 00:00:00",,,,,,,,"2014-11-25 19:17:51"
73,ssss@ssss1w112212.com,ssss@ssss1w112212.com,abhishek,gupta,m,,IN,"1988-05-23 00:00:00",,,,,,,,"2014-11-25 19:18:30"
75,ssss@ssss1w1122132.com,ssss@ssss1w1122132.com,abhishek,gupta,m,,IN,"1988-05-23 00:00:00",,,,,,,,"2014-11-25 19:36:32"
76,ssss@ssss1w112202.com,ssss@ssss1w112202.com,abhishek,gupta,m,,IN,"1988-05-23 00:00:00",,,,,,,,"2014-11-25 10:59:10"
77,ssss@ssss1w1122022.com,ssss@ssss1w1122022.com,abhishek,gupta,m,,IN,"1988-05-23 00:00:00",,,,,,,,"2014-11-25 11:03:54"
